{
    "accuracy": 0.9283854166666666,
    "loss": 0.5718689262866974
}