{
    "accuracy": 0.3924005627632141,
    "loss": 3.8542165756225586
}