{
    "accuracy": 0.3166666626930237,
    "loss": 1.779822587966919
}