{
    "accuracy": 0.32421875,
    "loss": 1.7589954137802124
}