{
    "accuracy": 0.5681818127632141,
    "loss": 3.385256290435791
}