{
    "accuracy": 0.32421875,
    "loss": 1.7571274638175964
}