{
    "accuracy": 0.28196021914482117,
    "loss": 1.7710803747177124
}