{
    "accuracy": 0.3166666626930237,
    "loss": 1.6579382419586182
}