{
    "accuracy": 0.31321021914482117,
    "loss": 1.6494909524917603
}